"stay","modelFree","transition","modelBased","participant_id"
0.183629371089599,0.430830792961836,0.0323383680801975,-0.0522642986987081,"572bcdbb34b25a0010ddd977"
1.94781004002345,-0.195449385154871,0.163099939716294,0.477872238737412,"66d31a1b0515fe747830bab9"
