"Estimate","Std. Error","t value","Pr(>|t|)","Predictor"
0.212803970019353,1.58485168445506e-16,1342737444182509,0,"(Intercept)"
0.265401897885625,1.58684646395378e-16,1672511512073764,0,"age_z"
