"participant_id","lastWinRew_lastTranUnc"
"572bcdbb34b25a0010ddd977",-0.0522642986987081
"66d31a1b0515fe747830bab9",0.477872238737412
